topic_id,series_id,series_name,entity,metric,date,period,date_precision,period_start,value,unit,frequency,kind,source_url,retrieved_at,attributes_json
chips,chips--transistors-per-microprocessor-world-transistors-per-microprocessor,Transistors per microprocessor,World,Transistors per microprocessor,1971-12-31,1971,year,1971-01-01,2308.2417,tranzystory,irregular,observed,https://ourworldindata.org/grapher/transistors-per-microprocessor.csv,2026-09-28T22:52:31.053Z,{}
chips,chips--transistors-per-microprocessor-world-transistors-per-microprocessor,Transistors per microprocessor,World,Transistors per microprocessor,1972-12-31,1972,year,1972-01-01,3554.5222,tranzystory,irregular,observed,https://ourworldindata.org/grapher/transistors-per-microprocessor.csv,2026-09-28T22:52:31.053Z,{}
chips,chips--transistors-per-microprocessor-world-transistors-per-microprocessor,Transistors per microprocessor,World,Transistors per microprocessor,1974-12-31,1974,year,1974-01-01,6097.5625,tranzystory,irregular,observed,https://ourworldindata.org/grapher/transistors-per-microprocessor.csv,2026-09-28T22:52:31.053Z,{}
chips,chips--transistors-per-microprocessor-world-transistors-per-microprocessor,Transistors per microprocessor,World,Transistors per microprocessor,1979-12-31,1979,year,1979-01-01,29163.777,tranzystory,irregular,observed,https://ourworldindata.org/grapher/transistors-per-microprocessor.csv,2026-09-28T22:52:31.053Z,{}
chips,chips--transistors-per-microprocessor-world-transistors-per-microprocessor,Transistors per microprocessor,World,Transistors per microprocessor,1982-12-31,1982,year,1982-01-01,135772.72,tranzystory,irregular,observed,https://ourworldindata.org/grapher/transistors-per-microprocessor.csv,2026-09-28T22:52:31.053Z,{}
chips,chips--transistors-per-microprocessor-world-transistors-per-microprocessor,Transistors per microprocessor,World,Transistors per microprocessor,1985-12-31,1985,year,1985-01-01,273841.94,tranzystory,irregular,observed,https://ourworldindata.org/grapher/transistors-per-microprocessor.csv,2026-09-28T22:52:31.053Z,{}
chips,chips--transistors-per-microprocessor-world-transistors-per-microprocessor,Transistors per microprocessor,World,Transistors per microprocessor,1986-12-31,1986,year,1986-01-01,273841.94,tranzystory,irregular,observed,https://ourworldindata.org/grapher/transistors-per-microprocessor.csv,2026-09-28T22:52:31.053Z,{}
chips,chips--transistors-per-microprocessor-world-transistors-per-microprocessor,Transistors per microprocessor,World,Transistors per microprocessor,1988-12-31,1988,year,1988-01-01,273841.94,tranzystory,irregular,observed,https://ourworldindata.org/grapher/transistors-per-microprocessor.csv,2026-09-28T22:52:31.053Z,{}
chips,chips--transistors-per-microprocessor-world-transistors-per-microprocessor,Transistors per microprocessor,World,Transistors per microprocessor,1989-12-31,1989,year,1989-01-01,1207900.8,tranzystory,irregular,observed,https://ourworldindata.org/grapher/transistors-per-microprocessor.csv,2026-09-28T22:52:31.053Z,{}
chips,chips--transistors-per-microprocessor-world-transistors-per-microprocessor,Transistors per microprocessor,World,Transistors per microprocessor,1990-12-31,1990,year,1990-01-01,1207900.8,tranzystory,irregular,observed,https://ourworldindata.org/grapher/transistors-per-microprocessor.csv,2026-09-28T22:52:31.053Z,{}
chips,chips--transistors-per-microprocessor-world-transistors-per-microprocessor,Transistors per microprocessor,World,Transistors per microprocessor,1992-12-31,1992,year,1992-01-01,3105900.2,tranzystory,irregular,observed,https://ourworldindata.org/grapher/transistors-per-microprocessor.csv,2026-09-28T22:52:31.053Z,{}
chips,chips--transistors-per-microprocessor-world-transistors-per-microprocessor,Transistors per microprocessor,World,Transistors per microprocessor,1993-12-31,1993,year,1993-01-01,3105900.2,tranzystory,irregular,observed,https://ourworldindata.org/grapher/transistors-per-microprocessor.csv,2026-09-28T22:52:31.053Z,{}
chips,chips--transistors-per-microprocessor-world-transistors-per-microprocessor,Transistors per microprocessor,World,Transistors per microprocessor,1994-12-31,1994,year,1994-01-01,3105900.2,tranzystory,irregular,observed,https://ourworldindata.org/grapher/transistors-per-microprocessor.csv,2026-09-28T22:52:31.053Z,{}
chips,chips--transistors-per-microprocessor-world-transistors-per-microprocessor,Transistors per microprocessor,World,Transistors per microprocessor,1995-12-31,1995,year,1995-01-01,9646616.0,tranzystory,irregular,observed,https://ourworldindata.org/grapher/transistors-per-microprocessor.csv,2026-09-28T22:52:31.053Z,{}
chips,chips--transistors-per-microprocessor-world-transistors-per-microprocessor,Transistors per microprocessor,World,Transistors per microprocessor,1996-12-31,1996,year,1996-01-01,9646616.0,tranzystory,irregular,observed,https://ourworldindata.org/grapher/transistors-per-microprocessor.csv,2026-09-28T22:52:31.053Z,{}
chips,chips--transistors-per-microprocessor-world-transistors-per-microprocessor,Transistors per microprocessor,World,Transistors per microprocessor,1997-12-31,1997,year,1997-01-01,9646616.0,tranzystory,irregular,observed,https://ourworldindata.org/grapher/transistors-per-microprocessor.csv,2026-09-28T22:52:31.053Z,{}
chips,chips--transistors-per-microprocessor-world-transistors-per-microprocessor,Transistors per microprocessor,World,Transistors per microprocessor,1998-12-31,1998,year,1998-01-01,15261378.0,tranzystory,irregular,observed,https://ourworldindata.org/grapher/transistors-per-microprocessor.csv,2026-09-28T22:52:31.053Z,{}
chips,chips--transistors-per-microprocessor-world-transistors-per-microprocessor,Transistors per microprocessor,World,Transistors per microprocessor,1999-12-31,1999,year,1999-01-01,21673922.0,tranzystory,irregular,observed,https://ourworldindata.org/grapher/transistors-per-microprocessor.csv,2026-09-28T22:52:31.053Z,{}
chips,chips--transistors-per-microprocessor-world-transistors-per-microprocessor,Transistors per microprocessor,World,Transistors per microprocessor,2000-12-31,2000,year,2000-01-01,37180264.0,tranzystory,irregular,observed,https://ourworldindata.org/grapher/transistors-per-microprocessor.csv,2026-09-28T22:52:31.053Z,{}
chips,chips--transistors-per-microprocessor-world-transistors-per-microprocessor,Transistors per microprocessor,World,Transistors per microprocessor,2001-12-31,2001,year,2001-01-01,42550656.0,tranzystory,irregular,observed,https://ourworldindata.org/grapher/transistors-per-microprocessor.csv,2026-09-28T22:52:31.053Z,{}
chips,chips--transistors-per-microprocessor-world-transistors-per-microprocessor,Transistors per microprocessor,World,Transistors per microprocessor,2002-12-31,2002,year,2002-01-01,220673400.0,tranzystory,irregular,observed,https://ourworldindata.org/grapher/transistors-per-microprocessor.csv,2026-09-28T22:52:31.053Z,{}
chips,chips--transistors-per-microprocessor-world-transistors-per-microprocessor,Transistors per microprocessor,World,Transistors per microprocessor,2003-12-31,2003,year,2003-01-01,220673400.0,tranzystory,irregular,observed,https://ourworldindata.org/grapher/transistors-per-microprocessor.csv,2026-09-28T22:52:31.053Z,{}
chips,chips--transistors-per-microprocessor-world-transistors-per-microprocessor,Transistors per microprocessor,World,Transistors per microprocessor,2004-12-31,2004,year,2004-01-01,273842000.0,tranzystory,irregular,observed,https://ourworldindata.org/grapher/transistors-per-microprocessor.csv,2026-09-28T22:52:31.053Z,{}
chips,chips--transistors-per-microprocessor-world-transistors-per-microprocessor,Transistors per microprocessor,World,Transistors per microprocessor,2005-12-31,2005,year,2005-01-01,305052770.0,tranzystory,irregular,observed,https://ourworldindata.org/grapher/transistors-per-microprocessor.csv,2026-09-28T22:52:31.053Z,{}
chips,chips--transistors-per-microprocessor-world-transistors-per-microprocessor,Transistors per microprocessor,World,Transistors per microprocessor,2006-12-31,2006,year,2006-01-01,582941600.0,tranzystory,irregular,observed,https://ourworldindata.org/grapher/transistors-per-microprocessor.csv,2026-09-28T22:52:31.053Z,{}
chips,chips--transistors-per-microprocessor-world-transistors-per-microprocessor,Transistors per microprocessor,World,Transistors per microprocessor,2007-12-31,2007,year,2007-01-01,805842200.0,tranzystory,irregular,observed,https://ourworldindata.org/grapher/transistors-per-microprocessor.csv,2026-09-28T22:52:31.053Z,{}
chips,chips--transistors-per-microprocessor-world-transistors-per-microprocessor,Transistors per microprocessor,World,Transistors per microprocessor,2008-12-31,2008,year,2008-01-01,805842200.0,tranzystory,irregular,observed,https://ourworldindata.org/grapher/transistors-per-microprocessor.csv,2026-09-28T22:52:31.053Z,{}
chips,chips--transistors-per-microprocessor-world-transistors-per-microprocessor,Transistors per microprocessor,World,Transistors per microprocessor,2009-12-31,2009,year,2009-01-01,2308241400.0,tranzystory,irregular,observed,https://ourworldindata.org/grapher/transistors-per-microprocessor.csv,2026-09-28T22:52:31.053Z,{}
chips,chips--transistors-per-microprocessor-world-transistors-per-microprocessor,Transistors per microprocessor,World,Transistors per microprocessor,2010-12-31,2010,year,2010-01-01,2308241400.0,tranzystory,irregular,observed,https://ourworldindata.org/grapher/transistors-per-microprocessor.csv,2026-09-28T22:52:31.053Z,{}
chips,chips--transistors-per-microprocessor-world-transistors-per-microprocessor,Transistors per microprocessor,World,Transistors per microprocessor,2011-12-31,2011,year,2011-01-01,2600000000.0,tranzystory,irregular,observed,https://ourworldindata.org/grapher/transistors-per-microprocessor.csv,2026-09-28T22:52:31.053Z,{}
chips,chips--transistors-per-microprocessor-world-transistors-per-microprocessor,Transistors per microprocessor,World,Transistors per microprocessor,2012-12-31,2012,year,2012-01-01,2600000000.0,tranzystory,irregular,observed,https://ourworldindata.org/grapher/transistors-per-microprocessor.csv,2026-09-28T22:52:31.053Z,{}
chips,chips--transistors-per-microprocessor-world-transistors-per-microprocessor,Transistors per microprocessor,World,Transistors per microprocessor,2013-12-31,2013,year,2013-01-01,5000000000.0,tranzystory,irregular,observed,https://ourworldindata.org/grapher/transistors-per-microprocessor.csv,2026-09-28T22:52:31.053Z,{}
chips,chips--transistors-per-microprocessor-world-transistors-per-microprocessor,Transistors per microprocessor,World,Transistors per microprocessor,2014-12-31,2014,year,2014-01-01,5700000000.0,tranzystory,irregular,observed,https://ourworldindata.org/grapher/transistors-per-microprocessor.csv,2026-09-28T22:52:31.053Z,{}
chips,chips--transistors-per-microprocessor-world-transistors-per-microprocessor,Transistors per microprocessor,World,Transistors per microprocessor,2016-12-31,2016,year,2016-01-01,8000000000.0,tranzystory,irregular,observed,https://ourworldindata.org/grapher/transistors-per-microprocessor.csv,2026-09-28T22:52:31.053Z,{}
chips,chips--transistors-per-microprocessor-world-transistors-per-microprocessor,Transistors per microprocessor,World,Transistors per microprocessor,2017-12-31,2017,year,2017-01-01,19200000000.0,tranzystory,irregular,observed,https://ourworldindata.org/grapher/transistors-per-microprocessor.csv,2026-09-28T22:52:31.053Z,{}
chips,chips--transistors-per-microprocessor-world-transistors-per-microprocessor,Transistors per microprocessor,World,Transistors per microprocessor,2018-12-31,2018,year,2018-01-01,21100000000.0,tranzystory,irregular,observed,https://ourworldindata.org/grapher/transistors-per-microprocessor.csv,2026-09-28T22:52:31.053Z,{}
chips,chips--transistors-per-microprocessor-world-transistors-per-microprocessor,Transistors per microprocessor,World,Transistors per microprocessor,2019-12-31,2019,year,2019-01-01,39500000000.0,tranzystory,irregular,observed,https://ourworldindata.org/grapher/transistors-per-microprocessor.csv,2026-09-28T22:52:31.053Z,{}
chips,chips--transistors-per-microprocessor-world-transistors-per-microprocessor,Transistors per microprocessor,World,Transistors per microprocessor,2020-12-31,2020,year,2020-01-01,39500000000.0,tranzystory,irregular,observed,https://ourworldindata.org/grapher/transistors-per-microprocessor.csv,2026-09-28T22:52:31.053Z,{}
chips,chips--transistors-per-microprocessor-world-transistors-per-microprocessor,Transistors per microprocessor,World,Transistors per microprocessor,2021-12-31,2021,year,2021-01-01,58200000000.0,tranzystory,irregular,observed,https://ourworldindata.org/grapher/transistors-per-microprocessor.csv,2026-09-28T22:52:31.053Z,{}
