benchmark_name,is_anchor,benchmark_release_date,edi,estimated_slope_scaled
TriviaQA,False,2017-05-09,56.98284540386251,0.020737276254155657
LAMBADA,False,2016-06-20,57.9008516188766,0.020849511077878625
PIQA,False,2019-11-26,86.03961576883029,0.02195950768027297
HellaSwag,False,2019-05-19,86.73006260959956,0.04100875718909397
OpenBookQA,False,2018-09-08,105.98570651490704,0.08867002312375956
GSM8K,False,2021-10-27,106.05981655454728,0.10462237606047123
ARC AI2,False,2018-03-14,106.587597843911,0.0988565346217118
Lech Mazur Writing,False,2025-01-31,107.58774001464482,0.03905151423229411
Winogrande,True,2019-07-24,110.73843423306116,0.0504664569404769
MMLU,False,2020-09-07,110.9595099247756,0.07566169064735903
ScienceQA,False,2022-09-20,111.58936909023285,0.09393945572288254
BBH,False,2022-10-17,113.87538648444595,0.09969240857262256
GeoBench,False,2025-03-01,119.10770161726694,0.0357281363888445
ANLI,False,2019-10-31,127.67353512632674,0.07795355941234003
MATH level 5,False,2021-03-05,127.97049210717499,0.1956472064894894
Fiction.LiveBench,False,2025-02-21,134.70237715727407,0.12454954397272687
GPQA diamond,False,2023-11-20,135.79585149551662,0.12302564778163376
SWE-Bench verified,False,2024-08-13,136.02010937944087,0.06992493326570691
DTBench,False,2026-08-12,136.77889974632106,0.10001672794292539
METR Time Horizons,False,2025-03-19,136.82033471192304,0.06324307342580177
OTIS Mock AIME 2024-2025,False,2024-12-19,137.19283943083502,0.22064344707362388
Aider polyglot,False,2024-12-21,138.50417218111127,0.16791144285211185
CadEval,False,2025-04-22,139.61521831086765,0.09872885625163266
ARC-AGI,False,2019-11-05,145.14458475256453,0.23128760431919065
WeirdML,False,2025-01-16,145.6623816960055,0.08124131967725368
Cybench,False,2024-08-15,145.81845346076688,0.20056089176043454
OSWorld,False,2024-04-11,146.07462153668902,0.13424393536695353
The Agent Company,False,2024-12-18,146.8347375337262,0.14261988225837435
Terminal Bench,False,2025-05-19,148.8517597366207,0.1688798219195723
Surface Evolver Bench,False,2026-06-19,149.42334819434473,0.1327032947216102
FrontierMath-2025-02-28-Private,False,2025-02-28,149.6146161959659,0.2520952626310893
VPCT,False,2025-01-30,150.78482175142705,0.3006937845678567
FrontierMath-Tiers-1-3-v2-Private,False,2026-06-12,150.8483595091555,0.16393637415478193
LMCA,False,2026-08-12,151.2564635821829,0.07865707457418072
SimpleBench,False,2024-10-31,151.45755304397937,0.09397343209811963
ARC-AGI-2,False,2025-03-24,153.46554164968097,0.29080610512550054
Balrog,False,2024-11-20,154.0895254064983,0.05142722115189393
DeepSWE,False,2026-05-26,154.25314767023772,0.1254195592716819
SimpleQA Verified,False,2025-09-09,155.29398768750758,0.08211011109556295
GDPval,False,2025-09-25,155.79724586168018,0.07864504223692848
ProofBench,False,2026-01-30,155.83563496655037,0.28664991696246733
APEX-Agents,False,2026-01-21,156.00329329849495,0.08752215720179382
FrontierMath-Tier-4-2025-07-01-Private,False,2025-07-11,156.65402115928765,0.27203084604946576
FrontierMath-Tier-4-v2-Private,False,2026-06-12,157.84121539595833,0.2623632850712383
DeepResearch Bench,False,2025-06-13,159.32767325227593,0.014705392140172364
GSO-Bench,False,2025-05-29,159.96123994262518,0.17336430017219392
Chess Puzzles,False,2025-12-10,161.4047231352688,0.11907100951744627
FrontierCode,False,2026-06-08,161.9741651878446,0.09838777002986733
Mystery Game Puzzles,False,2026-07-30,162.20382409933669,0.1749124684058412
ExploitBench,False,2026-05-13,162.6557996142641,0.1160923505161963
HLE,False,2025-01-23,162.79297175798126,0.10622153139914765
EBR-bench,False,2026-07-01,163.29339355957208,0.19163542823060847
MirrorCode,False,2026-06-26,164.23091964889025,0.22186097980760222
OSWorld 2.0,False,2026-06-26,168.7650642323493,0.14442566839348947
PostTrainBench,False,2026-03-11,172.06074490195437,0.060532376280357784
Remote Labor Index,False,2025-10-29,175.2065558061347,0.15256051892509143
CL-bench Life,False,2026-04-29,176.70560870670616,0.07065402613636976
CL-bench,False,2026-02-03,183.10836311157303,0.04374463185668706
