Quarter,Chip,Performance per dollar (relative to an H100 at its 2025 price),Spending in quarter (billion 2025 USD)
2023 Q1,A100,0.632,0.762
2023 Q1,H100/H200,0.802,1.833
2023 Q1,Other,1.282,1.194
2023 Q2,A100,0.637,0.828
2023 Q2,H100/H200,0.808,4.856
2023 Q2,Other,1.096,1.965
2023 Q3,A100,0.642,0.701
2023 Q3,H100/H200,0.815,8.287
2023 Q3,Other,1.051,2.932
2023 Q4,A100,0.647,0.192
2023 Q4,H100/H200,0.82,13.378
2023 Q4,Other,1.427,1.948
2024 Q1,H20,0.31,1.747
2024 Q1,H100/H200,0.887,16.135
2024 Q1,Trainium2,4.185,0.063
2024 Q1,Other,1.336,4.487
2024 Q2,H20,0.312,2.792
2024 Q2,H100/H200,0.893,18.89
2024 Q2,Trainium2,4.213,0.125
2024 Q2,Other,1.57,5.127
2024 Q3,H20,0.313,3.413
2024 Q3,H100/H200,0.896,22.963
2024 Q3,Trainium2,4.227,0.332
2024 Q3,TPU v6e,5.677,0.17
2024 Q3,Other,1.703,5.561
2024 Q4,H20,0.315,4.015
2024 Q4,H100/H200,0.903,19.615
2024 Q4,GB200,1.716,7.702
2024 Q4,Trainium2,4.26,0.782
2024 Q4,TPU v6e,5.721,0.734
2024 Q4,Other,1.754,5.68
2025 Q1,H20,0.318,4.431
2025 Q1,H100/H200,0.981,8.713
2025 Q1,GB200,1.732,19.763
2025 Q1,Trainium2,4.299,0.856
2025 Q1,TPU v6e,5.774,1.698
2025 Q1,Other,1.476,6.53
2025 Q2,H20,0.319,1.864
2025 Q2,H100/H200,0.985,6.012
2025 Q2,GB200,1.739,16.473
2025 Q2,GB300,2.3,9.403
2025 Q2,Trainium2,4.317,1.015
2025 Q2,TPU v6e,5.797,2.763
2025 Q2,Other,1.3,5.418
2025 Q3,H20,0.322,0.207
2025 Q3,H100/H200,0.993,3.321
2025 Q3,GB200,1.752,13.012
2025 Q3,GB300,2.318,23.432
2025 Q3,Trainium2,4.35,1.168
2025 Q3,TPU v6e,5.841,3.035
2025 Q3,Other,1.814,6.764
2025 Q4,H100/H200,1.0,0.606
2025 Q4,GB200,1.764,15.506
2025 Q4,GB300,2.334,32.031
2025 Q4,Trainium2,4.381,1.34
2025 Q4,TPU v6e,5.883,1.629
2025 Q4,Other,2.415,9.0
