Entity,Quarter,NVIDIA’s quarterly revenue
Data centers and AI,2014-Q2,57000000
Data centers and AI,2014-Q3,83000000
Data centers and AI,2014-Q4,89000000
Data centers and AI,2015-Q1,88000000
Data centers and AI,2015-Q2,88000000
Data centers and AI,2015-Q3,72000000
Data centers and AI,2015-Q4,82000000
Data centers and AI,2016-Q1,97000000
Data centers and AI,2016-Q2,143000000
Data centers and AI,2016-Q3,151000000
Data centers and AI,2016-Q4,240000000
Data centers and AI,2017-Q1,296000000
Data centers and AI,2017-Q2,409000000
Data centers and AI,2017-Q3,416000000
Data centers and AI,2017-Q4,501000000
Data centers and AI,2018-Q1,606000000
Data centers and AI,2018-Q2,701000000
Data centers and AI,2018-Q3,760000000
Data centers and AI,2018-Q4,792000000
Data centers and AI,2019-Q1,679000000
Data centers and AI,2019-Q2,634000000
Data centers and AI,2019-Q3,655000000
Data centers and AI,2019-Q4,726000000
Data centers and AI,2020-Q1,968000000
Data centers and AI,2020-Q2,1141000000
Data centers and AI,2020-Q3,1752000000
Data centers and AI,2020-Q4,1900000000
Data centers and AI,2021-Q1,1903000000
Data centers and AI,2021-Q2,2048000000
Data centers and AI,2021-Q3,2366000000
Data centers and AI,2021-Q4,2936000000
Data centers and AI,2022-Q1,3263000000
Data centers and AI,2022-Q2,3750000000
Data centers and AI,2022-Q3,3806000000
Data centers and AI,2022-Q4,3833000000
Data centers and AI,2023-Q1,3616000000
Data centers and AI,2023-Q2,4284000000
Data centers and AI,2023-Q3,10323000000
Data centers and AI,2023-Q4,14514000000
Data centers and AI,2024-Q1,18404000000
Data centers and AI,2024-Q2,22563000000
Data centers and AI,2024-Q3,26272000000
Data centers and AI,2024-Q4,30771000000
Data centers and AI,2025-Q1,35580000000
Data centers and AI,2025-Q2,39112000000
Data centers and AI,2025-Q3,41096000000
Data centers and AI,2025-Q4,51215000000
Data centers and AI,2026-Q1,62314000000
Data centers and AI,2026-Q2,75246000000
Data centers and AI,2026-Q3,89023000000
"Gaming, devices, automotive",2014-Q2,1046000000
"Gaming, devices, automotive",2014-Q3,1020000000
"Gaming, devices, automotive",2014-Q4,1136000000
"Gaming, devices, automotive",2015-Q1,1163000000
"Gaming, devices, automotive",2015-Q2,1063000000
"Gaming, devices, automotive",2015-Q3,1081000000
"Gaming, devices, automotive",2015-Q4,1223000000
"Gaming, devices, automotive",2016-Q1,1304000000
"Gaming, devices, automotive",2016-Q2,1162000000
"Gaming, devices, automotive",2016-Q3,1277000000
"Gaming, devices, automotive",2016-Q4,1764000000
"Gaming, devices, automotive",2017-Q1,1877000000
"Gaming, devices, automotive",2017-Q2,1528000000
"Gaming, devices, automotive",2017-Q3,1814000000
"Gaming, devices, automotive",2017-Q4,2135000000
"Gaming, devices, automotive",2018-Q1,2305000000
"Gaming, devices, automotive",2018-Q2,2506000000
"Gaming, devices, automotive",2018-Q3,2363000000
"Gaming, devices, automotive",2018-Q4,2389000000
"Gaming, devices, automotive",2019-Q1,1526000000
"Gaming, devices, automotive",2019-Q2,1586000000
"Gaming, devices, automotive",2019-Q3,1924000000
"Gaming, devices, automotive",2019-Q4,2288000000
"Gaming, devices, automotive",2020-Q1,2137000000
"Gaming, devices, automotive",2020-Q2,1939000000
"Gaming, devices, automotive",2020-Q3,2114000000
"Gaming, devices, automotive",2020-Q4,2826000000
"Gaming, devices, automotive",2021-Q1,3100000000
"Gaming, devices, automotive",2021-Q2,3613000000
"Gaming, devices, automotive",2021-Q3,4141000000
"Gaming, devices, automotive",2021-Q4,4167000000
"Gaming, devices, automotive",2022-Q1,4380000000
"Gaming, devices, automotive",2022-Q2,4538000000
"Gaming, devices, automotive",2022-Q3,2898000000
"Gaming, devices, automotive",2022-Q4,2098000000
"Gaming, devices, automotive",2023-Q1,2435000000
"Gaming, devices, automotive",2023-Q2,2908000000
"Gaming, devices, automotive",2023-Q3,3184000000
"Gaming, devices, automotive",2023-Q4,3606000000
"Gaming, devices, automotive",2024-Q1,3699000000
"Gaming, devices, automotive",2024-Q2,3481000000
"Gaming, devices, automotive",2024-Q3,3768000000
"Gaming, devices, automotive",2024-Q4,4311000000
"Gaming, devices, automotive",2025-Q1,3751000000
"Gaming, devices, automotive",2025-Q2,4950000000
"Gaming, devices, automotive",2025-Q3,5647000000
"Gaming, devices, automotive",2025-Q4,5791000000
"Gaming, devices, automotive",2026-Q1,5813000000
"Gaming, devices, automotive",2026-Q2,6369000000
"Gaming, devices, automotive",2026-Q3,7198000000
Total,2014-Q2,1103000000
Total,2014-Q3,1103000000
Total,2014-Q4,1225000000
Total,2015-Q1,1251000000
Total,2015-Q2,1151000000
Total,2015-Q3,1153000000
Total,2015-Q4,1305000000
Total,2016-Q1,1401000000
Total,2016-Q2,1305000000
Total,2016-Q3,1428000000
Total,2016-Q4,2004000000
Total,2017-Q1,2173000000
Total,2017-Q2,1937000000
Total,2017-Q3,2230000000
Total,2017-Q4,2636000000
Total,2018-Q1,2911000000
Total,2018-Q2,3207000000
Total,2018-Q3,3123000000
Total,2018-Q4,3181000000
Total,2019-Q1,2205000000
Total,2019-Q2,2220000000
Total,2019-Q3,2579000000
Total,2019-Q4,3014000000
Total,2020-Q1,3105000000
Total,2020-Q2,3080000000
Total,2020-Q3,3866000000
Total,2020-Q4,4726000000
Total,2021-Q1,5003000000
Total,2021-Q2,5661000000
Total,2021-Q3,6507000000
Total,2021-Q4,7103000000
Total,2022-Q1,7643000000
Total,2022-Q2,8288000000
Total,2022-Q3,6704000000
Total,2022-Q4,5931000000
Total,2023-Q1,6051000000
Total,2023-Q2,7192000000
Total,2023-Q3,13507000000
Total,2023-Q4,18120000000
Total,2024-Q1,22103000000
Total,2024-Q2,26044000000
Total,2024-Q3,30040000000
Total,2024-Q4,35082000000
Total,2025-Q1,39331000000
Total,2025-Q2,44062000000
Total,2025-Q3,46743000000
Total,2025-Q4,57006000000
Total,2026-Q1,68127000000
Total,2026-Q2,81615000000
Total,2026-Q3,96221000000