iso3,country_pl,country_en,region,eu,year,births_per_woman,group,status_year,evidence_year,status_source,fertility_source
AFG,Afganistan,Afghanistan,Asia,False,2024,4.761,inactive,2024,2023,https://github.com/factbook/factbook.json/blob/b8538d78e87c1572f19740e49b6ad62c21e11c7f/south-asia/af.json,https://api.worldbank.org/v2/country/all/indicator/SP.DYN.TFRT.IN?date=2024&format=json&source=2&per_page=1000
AGO,Angola,Angola,Africa,False,2024,5.048,active,2024,2023,https://github.com/factbook/factbook.json/blob/b8538d78e87c1572f19740e49b6ad62c21e11c7f/africa/ao.json,https://api.worldbank.org/v2/country/all/indicator/SP.DYN.TFRT.IN?date=2024&format=json&source=2&per_page=1000
ALB,Albania,Albania,Europe,False,2024,1.341,inactive,2024,2024,https://github.com/factbook/factbook.json/blob/b8538d78e87c1572f19740e49b6ad62c21e11c7f/europe/al.json,https://api.worldbank.org/v2/country/all/indicator/SP.DYN.TFRT.IN?date=2024&format=json&source=2&per_page=1000
AND,Andora,Andorra,Europe,False,2024,1.087,inactive,2024,,https://github.com/factbook/factbook.json/blob/b8538d78e87c1572f19740e49b6ad62c21e11c7f/europe/an.json,https://api.worldbank.org/v2/country/all/indicator/SP.DYN.TFRT.IN?date=2024&format=json&source=2&per_page=1000
ARE,Zjednoczone Emiraty Arabskie,United Arab Emirates,Asia,False,2024,1.213,active,2024,2023,https://github.com/factbook/factbook.json/blob/b8538d78e87c1572f19740e49b6ad62c21e11c7f/middle-east/ae.json,https://api.worldbank.org/v2/country/all/indicator/SP.DYN.TFRT.IN?date=2024&format=json&source=2&per_page=1000
ARG,Argentyna,Argentina,Americas,False,2024,1.504,inactive,2024,2024,https://github.com/factbook/factbook.json/blob/b8538d78e87c1572f19740e49b6ad62c21e11c7f/south-america/ar.json,https://api.worldbank.org/v2/country/all/indicator/SP.DYN.TFRT.IN?date=2024&format=json&source=2&per_page=1000
ARM,Armenia,Armenia,Asia,False,2024,1.7,active,2024,2024,https://github.com/factbook/factbook.json/blob/b8538d78e87c1572f19740e49b6ad62c21e11c7f/middle-east/am.json,https://api.worldbank.org/v2/country/all/indicator/SP.DYN.TFRT.IN?date=2024&format=json&source=2&per_page=1000
ATG,Antigua i Barbuda,Antigua & Barbuda,Americas,False,2024,1.582,inactive,2024,2023,https://github.com/factbook/factbook.json/blob/b8538d78e87c1572f19740e49b6ad62c21e11c7f/central-america-n-caribbean/ac.json,https://api.worldbank.org/v2/country/all/indicator/SP.DYN.TFRT.IN?date=2024&format=json&source=2&per_page=1000
AUS,Australia,Australia,Oceania,False,2024,1.481,inactive,2024,2024,https://github.com/factbook/factbook.json/blob/b8538d78e87c1572f19740e49b6ad62c21e11c7f/australia-oceania/as.json,https://api.worldbank.org/v2/country/all/indicator/SP.DYN.TFRT.IN?date=2024&format=json&source=2&per_page=1000
AUT,Austria,Austria,Europe,True,2024,1.31,active,2024,2024,https://www.europarl.europa.eu/thinktank/en/academic/EPRS_BRI%282025%29769541,https://api.worldbank.org/v2/country/all/indicator/SP.DYN.TFRT.IN?date=2024&format=json&source=2&per_page=1000
AZE,Azerbejdżan,Azerbaijan,Asia,False,2024,1.43,active,2024,2023,https://github.com/factbook/factbook.json/blob/b8538d78e87c1572f19740e49b6ad62c21e11c7f/middle-east/aj.json,https://api.worldbank.org/v2/country/all/indicator/SP.DYN.TFRT.IN?date=2024&format=json&source=2&per_page=1000
BDI,Burundi,Burundi,Africa,False,2024,4.789,inactive,2024,2023,https://github.com/factbook/factbook.json/blob/b8538d78e87c1572f19740e49b6ad62c21e11c7f/africa/by.json,https://api.worldbank.org/v2/country/all/indicator/SP.DYN.TFRT.IN?date=2024&format=json&source=2&per_page=1000
BEL,Belgia,Belgium,Europe,True,2024,1.44,inactive,2024,2024,https://www.europarl.europa.eu/thinktank/en/academic/EPRS_BRI%282025%29769541,https://api.worldbank.org/v2/country/all/indicator/SP.DYN.TFRT.IN?date=2024&format=json&source=2&per_page=1000
BEN,Benin,Benin,Africa,False,2024,4.48,active,2024,2024,https://github.com/factbook/factbook.json/blob/b8538d78e87c1572f19740e49b6ad62c21e11c7f/africa/bn.json,https://api.worldbank.org/v2/country/all/indicator/SP.DYN.TFRT.IN?date=2024&format=json&source=2&per_page=1000
BGD,Bangladesz,Bangladesh,Asia,False,2024,2.138,inactive,2024,2024,https://github.com/factbook/factbook.json/blob/b8538d78e87c1572f19740e49b6ad62c21e11c7f/south-asia/bg.json,https://api.worldbank.org/v2/country/all/indicator/SP.DYN.TFRT.IN?date=2024&format=json&source=2&per_page=1000
BGR,Bułgaria,Bulgaria,Europe,True,2024,1.72,inactive,2024,2024,https://www.europarl.europa.eu/thinktank/en/academic/EPRS_BRI%282025%29769541,https://api.worldbank.org/v2/country/all/indicator/SP.DYN.TFRT.IN?date=2024&format=json&source=2&per_page=1000
BHR,Bahrajn,Bahrain,Asia,False,2024,1.805,inactive,2024,2024,https://github.com/factbook/factbook.json/blob/b8538d78e87c1572f19740e49b6ad62c21e11c7f/middle-east/ba.json,https://api.worldbank.org/v2/country/all/indicator/SP.DYN.TFRT.IN?date=2024&format=json&source=2&per_page=1000
BHS,Bahamy,Bahamas,Americas,False,2024,1.374,inactive,2024,2024,https://github.com/factbook/factbook.json/blob/b8538d78e87c1572f19740e49b6ad62c21e11c7f/central-america-n-caribbean/bf.json,https://api.worldbank.org/v2/country/all/indicator/SP.DYN.TFRT.IN?date=2024&format=json&source=2&per_page=1000
BIH,Bośnia i Hercegowina,Bosnia & Herzegovina,Europe,False,2024,1.492,inactive,2024,2024,https://github.com/factbook/factbook.json/blob/b8538d78e87c1572f19740e49b6ad62c21e11c7f/europe/bk.json,https://api.worldbank.org/v2/country/all/indicator/SP.DYN.TFRT.IN?date=2024&format=json&source=2&per_page=1000
BLR,Białoruś,Belarus,Europe,False,2024,1.217,active,2024,2023,https://github.com/factbook/factbook.json/blob/b8538d78e87c1572f19740e49b6ad62c21e11c7f/europe/bo.json,https://api.worldbank.org/v2/country/all/indicator/SP.DYN.TFRT.IN?date=2024&format=json&source=2&per_page=1000
BLZ,Belize,Belize,Americas,False,2024,2.021,inactive,2024,2024,https://github.com/factbook/factbook.json/blob/b8538d78e87c1572f19740e49b6ad62c21e11c7f/central-america-n-caribbean/bh.json,https://api.worldbank.org/v2/country/all/indicator/SP.DYN.TFRT.IN?date=2024&format=json&source=2&per_page=1000
BOL,Boliwia,Bolivia,Americas,False,2024,2.523,active,2024,2024,https://github.com/factbook/factbook.json/blob/b8538d78e87c1572f19740e49b6ad62c21e11c7f/south-america/bl.json,https://api.worldbank.org/v2/country/all/indicator/SP.DYN.TFRT.IN?date=2024&format=json&source=2&per_page=1000
BRA,Brazylia,Brazil,Americas,False,2024,1.614,active,2024,2024,https://github.com/factbook/factbook.json/blob/b8538d78e87c1572f19740e49b6ad62c21e11c7f/south-america/br.json,https://api.worldbank.org/v2/country/all/indicator/SP.DYN.TFRT.IN?date=2024&format=json&source=2&per_page=1000
BRB,Barbados,Barbados,Americas,False,2024,1.708,inactive,2024,2024,https://github.com/factbook/factbook.json/blob/b8538d78e87c1572f19740e49b6ad62c21e11c7f/central-america-n-caribbean/bb.json,https://api.worldbank.org/v2/country/all/indicator/SP.DYN.TFRT.IN?date=2024&format=json&source=2&per_page=1000
BRN,Brunei,Brunei,Asia,False,2024,1.731,inactive,2024,2024,https://github.com/factbook/factbook.json/blob/b8538d78e87c1572f19740e49b6ad62c21e11c7f/east-n-southeast-asia/bx.json,https://api.worldbank.org/v2/country/all/indicator/SP.DYN.TFRT.IN?date=2024&format=json&source=2&per_page=1000
BWA,Botswana,Botswana,Africa,False,2024,2.703,inactive,2024,2024,https://github.com/factbook/factbook.json/blob/b8538d78e87c1572f19740e49b6ad62c21e11c7f/africa/bc.json,https://api.worldbank.org/v2/country/all/indicator/SP.DYN.TFRT.IN?date=2024&format=json&source=2&per_page=1000
CAF,Republika Środkowoafrykańska,Central African Republic,Africa,False,2024,5.954,inactive,2024,2023,https://github.com/factbook/factbook.json/blob/b8538d78e87c1572f19740e49b6ad62c21e11c7f/africa/ct.json,https://api.worldbank.org/v2/country/all/indicator/SP.DYN.TFRT.IN?date=2024&format=json&source=2&per_page=1000
CAN,Kanada,Canada,Americas,False,2024,1.25,inactive,2024,2023,https://github.com/factbook/factbook.json/blob/b8538d78e87c1572f19740e49b6ad62c21e11c7f/north-america/ca.json,https://api.worldbank.org/v2/country/all/indicator/SP.DYN.TFRT.IN?date=2024&format=json&source=2&per_page=1000
CHE,Szwajcaria,Switzerland,Europe,False,2024,1.29,active,2024,2024,https://github.com/factbook/factbook.json/blob/b8538d78e87c1572f19740e49b6ad62c21e11c7f/europe/sz.json,https://api.worldbank.org/v2/country/all/indicator/SP.DYN.TFRT.IN?date=2024&format=json&source=2&per_page=1000
CIV,Côte d’Ivoire,Côte d’Ivoire,Africa,False,2024,4.23,inactive,2024,2023,https://github.com/factbook/factbook.json/blob/b8538d78e87c1572f19740e49b6ad62c21e11c7f/africa/iv.json,https://api.worldbank.org/v2/country/all/indicator/SP.DYN.TFRT.IN?date=2024&format=json&source=2&per_page=1000
CMR,Kamerun,Cameroon,Africa,False,2024,4.261,inactive,2024,2024,https://github.com/factbook/factbook.json/blob/b8538d78e87c1572f19740e49b6ad62c21e11c7f/africa/cm.json,https://api.worldbank.org/v2/country/all/indicator/SP.DYN.TFRT.IN?date=2024&format=json&source=2&per_page=1000
COG,Kongo,Congo - Brazzaville,Africa,False,2024,4.109,inactive,2024,2024,https://github.com/factbook/factbook.json/blob/b8538d78e87c1572f19740e49b6ad62c21e11c7f/africa/cf.json,https://api.worldbank.org/v2/country/all/indicator/SP.DYN.TFRT.IN?date=2024&format=json&source=2&per_page=1000
COL,Kolumbia,Colombia,Americas,False,2024,1.634,active,2024,2024,https://github.com/factbook/factbook.json/blob/b8538d78e87c1572f19740e49b6ad62c21e11c7f/south-america/co.json,https://api.worldbank.org/v2/country/all/indicator/SP.DYN.TFRT.IN?date=2024&format=json&source=2&per_page=1000
COM,Komory,Comoros,Africa,False,2024,3.822,inactive,2024,2021,https://github.com/factbook/factbook.json/blob/b8538d78e87c1572f19740e49b6ad62c21e11c7f/africa/cn.json,https://api.worldbank.org/v2/country/all/indicator/SP.DYN.TFRT.IN?date=2024&format=json&source=2&per_page=1000
CPV,Republika Zielonego Przylądka,Cape Verde,Africa,False,2024,1.511,active,2024,2024,https://github.com/factbook/factbook.json/blob/b8538d78e87c1572f19740e49b6ad62c21e11c7f/africa/cv.json,https://api.worldbank.org/v2/country/all/indicator/SP.DYN.TFRT.IN?date=2024&format=json&source=2&per_page=1000
CRI,Kostaryka,Costa Rica,Americas,False,2024,1.318,inactive,2024,2024,https://github.com/factbook/factbook.json/blob/b8538d78e87c1572f19740e49b6ad62c21e11c7f/central-america-n-caribbean/cs.json,https://api.worldbank.org/v2/country/all/indicator/SP.DYN.TFRT.IN?date=2024&format=json&source=2&per_page=1000
CUB,Kuba,Cuba,Americas,False,2024,1.445,active,2024,2024,https://github.com/factbook/factbook.json/blob/b8538d78e87c1572f19740e49b6ad62c21e11c7f/central-america-n-caribbean/cu.json,https://api.worldbank.org/v2/country/all/indicator/SP.DYN.TFRT.IN?date=2024&format=json&source=2&per_page=1000
CYP,Cypr,Cyprus,Europe,True,2024,1.38,active,2024,2024,https://www.europarl.europa.eu/thinktank/en/academic/EPRS_BRI%282025%29769541,https://api.worldbank.org/v2/country/all/indicator/SP.DYN.TFRT.IN?date=2024&format=json&source=2&per_page=1000
CZE,Czechy,Czechia,Europe,True,2024,1.36,inactive,2024,2024,https://www.europarl.europa.eu/thinktank/en/academic/EPRS_BRI%282025%29769541,https://api.worldbank.org/v2/country/all/indicator/SP.DYN.TFRT.IN?date=2024&format=json&source=2&per_page=1000
DEU,Niemcy,Germany,Europe,True,2024,1.36,inactive,2024,2024,https://www.europarl.europa.eu/thinktank/en/academic/EPRS_BRI%282025%29769541,https://api.worldbank.org/v2/country/all/indicator/SP.DYN.TFRT.IN?date=2024&format=json&source=2&per_page=1000
DJI,Dżibuti,Djibouti,Africa,False,2024,2.618,inactive,2024,2023,https://github.com/factbook/factbook.json/blob/b8538d78e87c1572f19740e49b6ad62c21e11c7f/africa/dj.json,https://api.worldbank.org/v2/country/all/indicator/SP.DYN.TFRT.IN?date=2024&format=json&source=2&per_page=1000
DMA,Dominika,Dominica,Americas,False,2024,1.48,inactive,2024,2024,https://github.com/factbook/factbook.json/blob/b8538d78e87c1572f19740e49b6ad62c21e11c7f/central-america-n-caribbean/do.json,https://api.worldbank.org/v2/country/all/indicator/SP.DYN.TFRT.IN?date=2024&format=json&source=2&per_page=1000
DNK,Dania,Denmark,Europe,True,2024,1.47,active,2024,2024,https://www.europarl.europa.eu/thinktank/en/academic/EPRS_BRI%282025%29769541,https://api.worldbank.org/v2/country/all/indicator/SP.DYN.TFRT.IN?date=2024&format=json&source=2&per_page=1000
DOM,Dominikana,Dominican Republic,Americas,False,2024,2.222,inactive,2024,2024,https://github.com/factbook/factbook.json/blob/b8538d78e87c1572f19740e49b6ad62c21e11c7f/central-america-n-caribbean/dr.json,https://api.worldbank.org/v2/country/all/indicator/SP.DYN.TFRT.IN?date=2024&format=json&source=2&per_page=1000
DZA,Algieria,Algeria,Africa,False,2024,2.723,active,2024,2024,https://github.com/factbook/factbook.json/blob/b8538d78e87c1572f19740e49b6ad62c21e11c7f/africa/ag.json,https://api.worldbank.org/v2/country/all/indicator/SP.DYN.TFRT.IN?date=2024&format=json&source=2&per_page=1000
ECU,Ekwador,Ecuador,Americas,False,2024,1.806,inactive,2024,2023,https://github.com/factbook/factbook.json/blob/b8538d78e87c1572f19740e49b6ad62c21e11c7f/south-america/ec.json,https://api.worldbank.org/v2/country/all/indicator/SP.DYN.TFRT.IN?date=2024&format=json&source=2&per_page=1000
EGY,Egipt,Egypt,Africa,False,2024,2.735,active,2024,2023,https://github.com/factbook/factbook.json/blob/b8538d78e87c1572f19740e49b6ad62c21e11c7f/africa/eg.json,https://api.worldbank.org/v2/country/all/indicator/SP.DYN.TFRT.IN?date=2024&format=json&source=2&per_page=1000
ERI,Erytrea,Eritrea,Africa,False,2024,3.68,active,2024,2023,https://github.com/factbook/factbook.json/blob/b8538d78e87c1572f19740e49b6ad62c21e11c7f/africa/er.json,https://api.worldbank.org/v2/country/all/indicator/SP.DYN.TFRT.IN?date=2024&format=json&source=2&per_page=1000
ESP,Hiszpania,Spain,Europe,True,2024,1.1,inactive,2024,2024,https://www.europarl.europa.eu/thinktank/en/academic/EPRS_BRI%282025%29769541,https://api.worldbank.org/v2/country/all/indicator/SP.DYN.TFRT.IN?date=2024&format=json&source=2&per_page=1000
EST,Estonia,Estonia,Europe,True,2024,1.18,active,2024,2024,https://www.europarl.europa.eu/thinktank/en/academic/EPRS_BRI%282025%29769541,https://api.worldbank.org/v2/country/all/indicator/SP.DYN.TFRT.IN?date=2024&format=json&source=2&per_page=1000
FIN,Finlandia,Finland,Europe,True,2024,1.25,active,2024,2024,https://www.europarl.europa.eu/thinktank/en/academic/EPRS_BRI%282025%29769541,https://api.worldbank.org/v2/country/all/indicator/SP.DYN.TFRT.IN?date=2024&format=json&source=2&per_page=1000
FJI,Fidżi,Fiji,Oceania,False,2024,2.27,inactive,2024,2024,https://github.com/factbook/factbook.json/blob/b8538d78e87c1572f19740e49b6ad62c21e11c7f/australia-oceania/fj.json,https://api.worldbank.org/v2/country/all/indicator/SP.DYN.TFRT.IN?date=2024&format=json&source=2&per_page=1000
FRA,Francja,France,Europe,True,2024,1.61,inactive,2024,2024,https://www.europarl.europa.eu/thinktank/en/academic/EPRS_BRI%282025%29769541,https://api.worldbank.org/v2/country/all/indicator/SP.DYN.TFRT.IN?date=2024&format=json&source=2&per_page=1000
FSM,Mikronezja,Micronesia,Oceania,False,2024,2.743,inactive,2024,2024,https://github.com/factbook/factbook.json/blob/b8538d78e87c1572f19740e49b6ad62c21e11c7f/australia-oceania/fm.json,https://api.worldbank.org/v2/country/all/indicator/SP.DYN.TFRT.IN?date=2024&format=json&source=2&per_page=1000
GAB,Gabon,Gabon,Africa,False,2024,3.592,inactive,2024,2024,https://github.com/factbook/factbook.json/blob/b8538d78e87c1572f19740e49b6ad62c21e11c7f/africa/gb.json,https://api.worldbank.org/v2/country/all/indicator/SP.DYN.TFRT.IN?date=2024&format=json&source=2&per_page=1000
GBR,Wielka Brytania,United Kingdom,Europe,False,2024,1.551,inactive,2024,2024,https://github.com/factbook/factbook.json/blob/b8538d78e87c1572f19740e49b6ad62c21e11c7f/europe/uk.json,https://api.worldbank.org/v2/country/all/indicator/SP.DYN.TFRT.IN?date=2024&format=json&source=2&per_page=1000
GEO,Gruzja,Georgia,Asia,False,2024,1.802,active,2024,2024,https://github.com/factbook/factbook.json/blob/b8538d78e87c1572f19740e49b6ad62c21e11c7f/middle-east/gg.json,https://api.worldbank.org/v2/country/all/indicator/SP.DYN.TFRT.IN?date=2024&format=json&source=2&per_page=1000
GHA,Ghana,Ghana,Africa,False,2024,3.344,inactive,2024,2024,https://github.com/factbook/factbook.json/blob/b8538d78e87c1572f19740e49b6ad62c21e11c7f/africa/gh.json,https://api.worldbank.org/v2/country/all/indicator/SP.DYN.TFRT.IN?date=2024&format=json&source=2&per_page=1000
GIN,Gwinea,Guinea,Africa,False,2024,4.131,active,2024,2023,https://github.com/factbook/factbook.json/blob/b8538d78e87c1572f19740e49b6ad62c21e11c7f/africa/gv.json,https://api.worldbank.org/v2/country/all/indicator/SP.DYN.TFRT.IN?date=2024&format=json&source=2&per_page=1000
GMB,Gambia,Gambia,Africa,False,2024,3.907,inactive,2024,2024,https://github.com/factbook/factbook.json/blob/b8538d78e87c1572f19740e49b6ad62c21e11c7f/africa/ga.json,https://api.worldbank.org/v2/country/all/indicator/SP.DYN.TFRT.IN?date=2024&format=json&source=2&per_page=1000
GNB,Gwinea Bissau,Guinea-Bissau,Africa,False,2024,3.757,active,2024,2023,https://github.com/factbook/factbook.json/blob/b8538d78e87c1572f19740e49b6ad62c21e11c7f/africa/pu.json,https://api.worldbank.org/v2/country/all/indicator/SP.DYN.TFRT.IN?date=2024&format=json&source=2&per_page=1000
GRC,Grecja,Greece,Europe,True,2024,1.24,active,2024,2024,https://www.europarl.europa.eu/thinktank/en/academic/EPRS_BRI%282025%29769541,https://api.worldbank.org/v2/country/all/indicator/SP.DYN.TFRT.IN?date=2024&format=json&source=2&per_page=1000
GRD,Grenada,Grenada,Americas,False,2024,1.472,inactive,2024,2024,https://github.com/factbook/factbook.json/blob/b8538d78e87c1572f19740e49b6ad62c21e11c7f/central-america-n-caribbean/gj.json,https://api.worldbank.org/v2/country/all/indicator/SP.DYN.TFRT.IN?date=2024&format=json&source=2&per_page=1000
GTM,Gwatemala,Guatemala,Americas,False,2024,2.287,active,2024,2023,https://github.com/factbook/factbook.json/blob/b8538d78e87c1572f19740e49b6ad62c21e11c7f/central-america-n-caribbean/gt.json,https://api.worldbank.org/v2/country/all/indicator/SP.DYN.TFRT.IN?date=2024&format=json&source=2&per_page=1000
GUY,Gujana,Guyana,Americas,False,2024,2.395,inactive,2024,2024,https://github.com/factbook/factbook.json/blob/b8538d78e87c1572f19740e49b6ad62c21e11c7f/south-america/gy.json,https://api.worldbank.org/v2/country/all/indicator/SP.DYN.TFRT.IN?date=2024&format=json&source=2&per_page=1000
HND,Honduras,Honduras,Americas,False,2024,2.476,inactive,2024,2024,https://github.com/factbook/factbook.json/blob/b8538d78e87c1572f19740e49b6ad62c21e11c7f/central-america-n-caribbean/ho.json,https://api.worldbank.org/v2/country/all/indicator/SP.DYN.TFRT.IN?date=2024&format=json&source=2&per_page=1000
HRV,Chorwacja,Croatia,Europe,True,2024,1.46,inactive,2024,2024,https://www.europarl.europa.eu/thinktank/en/academic/EPRS_BRI%282025%29769541,https://api.worldbank.org/v2/country/all/indicator/SP.DYN.TFRT.IN?date=2024&format=json&source=2&per_page=1000
HTI,Haiti,Haiti,Americas,False,2024,2.625,inactive,2024,2023,https://github.com/factbook/factbook.json/blob/b8538d78e87c1572f19740e49b6ad62c21e11c7f/central-america-n-caribbean/ha.json,https://api.worldbank.org/v2/country/all/indicator/SP.DYN.TFRT.IN?date=2024&format=json&source=2&per_page=1000
HUN,Węgry,Hungary,Europe,True,2024,1.41,inactive,2024,2024,https://www.europarl.europa.eu/thinktank/en/academic/EPRS_BRI%282025%29769541,https://api.worldbank.org/v2/country/all/indicator/SP.DYN.TFRT.IN?date=2024&format=json&source=2&per_page=1000
IDN,Indonezja,Indonesia,Asia,False,2024,2.115,inactive,2024,2024,https://github.com/factbook/factbook.json/blob/b8538d78e87c1572f19740e49b6ad62c21e11c7f/east-n-southeast-asia/id.json,https://api.worldbank.org/v2/country/all/indicator/SP.DYN.TFRT.IN?date=2024&format=json&source=2&per_page=1000
IND,Indie,India,Asia,False,2024,1.962,inactive,2024,2023,https://github.com/factbook/factbook.json/blob/b8538d78e87c1572f19740e49b6ad62c21e11c7f/south-asia/in.json,https://api.worldbank.org/v2/country/all/indicator/SP.DYN.TFRT.IN?date=2024&format=json&source=2&per_page=1000
IRL,Irlandia,Ireland,Europe,True,2024,1.47,inactive,2024,2024,https://www.europarl.europa.eu/thinktank/en/academic/EPRS_BRI%282025%29769541,https://api.worldbank.org/v2/country/all/indicator/SP.DYN.TFRT.IN?date=2024&format=json&source=2&per_page=1000
IRN,Iran,Iran,Asia,False,2024,1.684,active,2024,2023,https://github.com/factbook/factbook.json/blob/b8538d78e87c1572f19740e49b6ad62c21e11c7f/middle-east/ir.json,https://api.worldbank.org/v2/country/all/indicator/SP.DYN.TFRT.IN?date=2024&format=json&source=2&per_page=1000
IRQ,Irak,Iraq,Asia,False,2024,3.221,inactive,2024,2023,https://github.com/factbook/factbook.json/blob/b8538d78e87c1572f19740e49b6ad62c21e11c7f/middle-east/iz.json,https://api.worldbank.org/v2/country/all/indicator/SP.DYN.TFRT.IN?date=2024&format=json&source=2&per_page=1000
ISL,Islandia,Iceland,Europe,False,2024,1.56,inactive,2024,2024,https://github.com/factbook/factbook.json/blob/b8538d78e87c1572f19740e49b6ad62c21e11c7f/europe/ic.json,https://api.worldbank.org/v2/country/all/indicator/SP.DYN.TFRT.IN?date=2024&format=json&source=2&per_page=1000
ISR,Izrael,Israel,Asia,False,2024,2.87,active,2024,2024,https://github.com/factbook/factbook.json/blob/b8538d78e87c1572f19740e49b6ad62c21e11c7f/middle-east/is.json,https://api.worldbank.org/v2/country/all/indicator/SP.DYN.TFRT.IN?date=2024&format=json&source=2&per_page=1000
ITA,Włochy,Italy,Europe,True,2024,1.18,inactive,2024,2024,https://www.europarl.europa.eu/thinktank/en/academic/EPRS_BRI%282025%29769541,https://api.worldbank.org/v2/country/all/indicator/SP.DYN.TFRT.IN?date=2024&format=json&source=2&per_page=1000
JAM,Jamajka,Jamaica,Americas,False,2024,1.351,inactive,2024,2024,https://github.com/factbook/factbook.json/blob/b8538d78e87c1572f19740e49b6ad62c21e11c7f/central-america-n-caribbean/jm.json,https://api.worldbank.org/v2/country/all/indicator/SP.DYN.TFRT.IN?date=2024&format=json&source=2&per_page=1000
JPN,Japonia,Japan,Asia,False,2024,1.15,inactive,2024,2024,https://github.com/factbook/factbook.json/blob/b8538d78e87c1572f19740e49b6ad62c21e11c7f/east-n-southeast-asia/ja.json,https://api.worldbank.org/v2/country/all/indicator/SP.DYN.TFRT.IN?date=2024&format=json&source=2&per_page=1000
KAZ,Kazachstan,Kazakhstan,Asia,False,2024,2.984,active,2024,2023,https://github.com/factbook/factbook.json/blob/b8538d78e87c1572f19740e49b6ad62c21e11c7f/central-asia/kz.json,https://api.worldbank.org/v2/country/all/indicator/SP.DYN.TFRT.IN?date=2024&format=json&source=2&per_page=1000
KEN,Kenia,Kenya,Africa,False,2024,3.167,inactive,2024,2024,https://github.com/factbook/factbook.json/blob/b8538d78e87c1572f19740e49b6ad62c21e11c7f/africa/ke.json,https://api.worldbank.org/v2/country/all/indicator/SP.DYN.TFRT.IN?date=2024&format=json&source=2&per_page=1000
KGZ,Kirgistan,Kyrgyzstan,Asia,False,2024,2.6,active,2024,2023,https://github.com/factbook/factbook.json/blob/b8538d78e87c1572f19740e49b6ad62c21e11c7f/central-asia/kg.json,https://api.worldbank.org/v2/country/all/indicator/SP.DYN.TFRT.IN?date=2024&format=json&source=2&per_page=1000
KIR,Kiribati,Kiribati,Oceania,False,2024,3.124,inactive,2024,2024,https://github.com/factbook/factbook.json/blob/b8538d78e87c1572f19740e49b6ad62c21e11c7f/australia-oceania/kr.json,https://api.worldbank.org/v2/country/all/indicator/SP.DYN.TFRT.IN?date=2024&format=json&source=2&per_page=1000
KNA,Saint Kitts i Nevis,St. Kitts & Nevis,Americas,False,2024,1.526,inactive,2024,2023,https://github.com/factbook/factbook.json/blob/b8538d78e87c1572f19740e49b6ad62c21e11c7f/central-america-n-caribbean/sc.json,https://api.worldbank.org/v2/country/all/indicator/SP.DYN.TFRT.IN?date=2024&format=json&source=2&per_page=1000
KOR,Korea Południowa,South Korea,Asia,False,2024,0.748,active,2024,2024,https://github.com/factbook/factbook.json/blob/b8538d78e87c1572f19740e49b6ad62c21e11c7f/east-n-southeast-asia/ks.json,https://api.worldbank.org/v2/country/all/indicator/SP.DYN.TFRT.IN?date=2024&format=json&source=2&per_page=1000
KWT,Kuwejt,Kuwait,Asia,False,2024,1.56,active,2024,2023,https://github.com/factbook/factbook.json/blob/b8538d78e87c1572f19740e49b6ad62c21e11c7f/middle-east/ku.json,https://api.worldbank.org/v2/country/all/indicator/SP.DYN.TFRT.IN?date=2024&format=json&source=2&per_page=1000
LAO,Laos,Laos,Asia,False,2024,2.397,active,2024,2023,https://github.com/factbook/factbook.json/blob/b8538d78e87c1572f19740e49b6ad62c21e11c7f/east-n-southeast-asia/la.json,https://api.worldbank.org/v2/country/all/indicator/SP.DYN.TFRT.IN?date=2024&format=json&source=2&per_page=1000
LBN,Liban,Lebanon,Asia,False,2024,2.227,inactive,2024,2024,https://github.com/factbook/factbook.json/blob/b8538d78e87c1572f19740e49b6ad62c21e11c7f/middle-east/le.json,https://api.worldbank.org/v2/country/all/indicator/SP.DYN.TFRT.IN?date=2024&format=json&source=2&per_page=1000
LBR,Liberia,Liberia,Africa,False,2024,3.864,inactive,2024,2024,https://github.com/factbook/factbook.json/blob/b8538d78e87c1572f19740e49b6ad62c21e11c7f/africa/li.json,https://api.worldbank.org/v2/country/all/indicator/SP.DYN.TFRT.IN?date=2024&format=json&source=2&per_page=1000
LCA,Saint Lucia,St. Lucia,Americas,False,2024,1.385,inactive,2024,2024,https://github.com/factbook/factbook.json/blob/b8538d78e87c1572f19740e49b6ad62c21e11c7f/central-america-n-caribbean/st.json,https://api.worldbank.org/v2/country/all/indicator/SP.DYN.TFRT.IN?date=2024&format=json&source=2&per_page=1000
LIE,Liechtenstein,Liechtenstein,Europe,False,2024,1.37,inactive,2024,,https://github.com/factbook/factbook.json/blob/b8538d78e87c1572f19740e49b6ad62c21e11c7f/europe/ls.json,https://api.worldbank.org/v2/country/all/indicator/SP.DYN.TFRT.IN?date=2024&format=json&source=2&per_page=1000
LKA,Sri Lanka,Sri Lanka,Asia,False,2024,1.952,inactive,2024,2023,https://github.com/factbook/factbook.json/blob/b8538d78e87c1572f19740e49b6ad62c21e11c7f/south-asia/ce.json,https://api.worldbank.org/v2/country/all/indicator/SP.DYN.TFRT.IN?date=2024&format=json&source=2&per_page=1000
LSO,Lesotho,Lesotho,Africa,False,2024,2.664,inactive,2024,2024,https://github.com/factbook/factbook.json/blob/b8538d78e87c1572f19740e49b6ad62c21e11c7f/africa/lt.json,https://api.worldbank.org/v2/country/all/indicator/SP.DYN.TFRT.IN?date=2024&format=json&source=2&per_page=1000
LTU,Litwa,Lithuania,Europe,True,2024,1.11,active,2024,2024,https://www.europarl.europa.eu/thinktank/en/academic/EPRS_BRI%282025%29769541,https://api.worldbank.org/v2/country/all/indicator/SP.DYN.TFRT.IN?date=2024&format=json&source=2&per_page=1000
LUX,Luksemburg,Luxembourg,Europe,True,2024,1.25,inactive,2024,2024,https://www.europarl.europa.eu/thinktank/en/academic/EPRS_BRI%282025%29769541,https://api.worldbank.org/v2/country/all/indicator/SP.DYN.TFRT.IN?date=2024&format=json&source=2&per_page=1000
LVA,Łotwa,Latvia,Europe,True,2024,1.24,active,2024,2024,https://www.europarl.europa.eu/thinktank/en/academic/EPRS_BRI%282025%29769541,https://api.worldbank.org/v2/country/all/indicator/SP.DYN.TFRT.IN?date=2024&format=json&source=2&per_page=1000
MAR,Maroko,Morocco,Africa,False,2024,2.208,active,2024,2023,https://github.com/factbook/factbook.json/blob/b8538d78e87c1572f19740e49b6ad62c21e11c7f/africa/mo.json,https://api.worldbank.org/v2/country/all/indicator/SP.DYN.TFRT.IN?date=2024&format=json&source=2&per_page=1000
MDA,Mołdawia,Moldova,Europe,False,2024,1.726,active,2024,2024,https://github.com/factbook/factbook.json/blob/b8538d78e87c1572f19740e49b6ad62c21e11c7f/europe/md.json,https://api.worldbank.org/v2/country/all/indicator/SP.DYN.TFRT.IN?date=2024&format=json&source=2&per_page=1000
MDG,Madagaskar,Madagascar,Africa,False,2024,3.912,inactive,2024,2023,https://github.com/factbook/factbook.json/blob/b8538d78e87c1572f19740e49b6ad62c21e11c7f/africa/ma.json,https://api.worldbank.org/v2/country/all/indicator/SP.DYN.TFRT.IN?date=2024&format=json&source=2&per_page=1000
MDV,Malediwy,Maldives,Asia,False,2024,1.56,inactive,2024,2023,https://github.com/factbook/factbook.json/blob/b8538d78e87c1572f19740e49b6ad62c21e11c7f/south-asia/mv.json,https://api.worldbank.org/v2/country/all/indicator/SP.DYN.TFRT.IN?date=2024&format=json&source=2&per_page=1000
MEX,Meksyk,Mexico,Americas,False,2024,1.892,active,2024,2023,https://github.com/factbook/factbook.json/blob/b8538d78e87c1572f19740e49b6ad62c21e11c7f/north-america/mx.json,https://api.worldbank.org/v2/country/all/indicator/SP.DYN.TFRT.IN?date=2024&format=json&source=2&per_page=1000
MHL,Wyspy Marshalla,Marshall Islands,Oceania,False,2024,2.864,inactive,2024,2024,https://github.com/factbook/factbook.json/blob/b8538d78e87c1572f19740e49b6ad62c21e11c7f/australia-oceania/rm.json,https://api.worldbank.org/v2/country/all/indicator/SP.DYN.TFRT.IN?date=2024&format=json&source=2&per_page=1000
MKD,Macedonia Północna,North Macedonia,Europe,False,2024,1.4,inactive,2024,2024,https://github.com/factbook/factbook.json/blob/b8538d78e87c1572f19740e49b6ad62c21e11c7f/europe/mk.json,https://api.worldbank.org/v2/country/all/indicator/SP.DYN.TFRT.IN?date=2024&format=json&source=2&per_page=1000
MLI,Mali,Mali,Africa,False,2024,5.51,active,2024,2023,https://github.com/factbook/factbook.json/blob/b8538d78e87c1572f19740e49b6ad62c21e11c7f/africa/ml.json,https://api.worldbank.org/v2/country/all/indicator/SP.DYN.TFRT.IN?date=2024&format=json&source=2&per_page=1000
MLT,Malta,Malta,Europe,True,2024,1.01,inactive,2024,2024,https://www.europarl.europa.eu/thinktank/en/academic/EPRS_BRI%282025%29769541,https://api.worldbank.org/v2/country/all/indicator/SP.DYN.TFRT.IN?date=2024&format=json&source=2&per_page=1000
MNE,Czarnogóra,Montenegro,Europe,False,2024,1.8,inactive,2024,2024,https://github.com/factbook/factbook.json/blob/b8538d78e87c1572f19740e49b6ad62c21e11c7f/europe/mj.json,https://api.worldbank.org/v2/country/all/indicator/SP.DYN.TFRT.IN?date=2024&format=json&source=2&per_page=1000
MNG,Mongolia,Mongolia,Asia,False,2024,2.5,active,2024,2024,https://github.com/factbook/factbook.json/blob/b8538d78e87c1572f19740e49b6ad62c21e11c7f/east-n-southeast-asia/mg.json,https://api.worldbank.org/v2/country/all/indicator/SP.DYN.TFRT.IN?date=2024&format=json&source=2&per_page=1000
MOZ,Mozambik,Mozambique,Africa,False,2024,4.69,active,2024,2023,https://github.com/factbook/factbook.json/blob/b8538d78e87c1572f19740e49b6ad62c21e11c7f/africa/mz.json,https://api.worldbank.org/v2/country/all/indicator/SP.DYN.TFRT.IN?date=2024&format=json&source=2&per_page=1000
MRT,Mauretania,Mauritania,Africa,False,2024,4.625,inactive,2024,2023,https://github.com/factbook/factbook.json/blob/b8538d78e87c1572f19740e49b6ad62c21e11c7f/africa/mr.json,https://api.worldbank.org/v2/country/all/indicator/SP.DYN.TFRT.IN?date=2024&format=json&source=2&per_page=1000
MUS,Mauritius,Mauritius,Africa,False,2024,1.44,inactive,2024,2024,https://github.com/factbook/factbook.json/blob/b8538d78e87c1572f19740e49b6ad62c21e11c7f/africa/mp.json,https://api.worldbank.org/v2/country/all/indicator/SP.DYN.TFRT.IN?date=2024&format=json&source=2&per_page=1000
MWI,Malawi,Malawi,Africa,False,2024,3.59,inactive,2024,2023,https://github.com/factbook/factbook.json/blob/b8538d78e87c1572f19740e49b6ad62c21e11c7f/africa/mi.json,https://api.worldbank.org/v2/country/all/indicator/SP.DYN.TFRT.IN?date=2024&format=json&source=2&per_page=1000
MYS,Malezja,Malaysia,Asia,False,2024,1.543,inactive,2024,2023,https://github.com/factbook/factbook.json/blob/b8538d78e87c1572f19740e49b6ad62c21e11c7f/east-n-southeast-asia/my.json,https://api.worldbank.org/v2/country/all/indicator/SP.DYN.TFRT.IN?date=2024&format=json&source=2&per_page=1000
NAM,Namibia,Namibia,Africa,False,2024,3.211,inactive,2024,2024,https://github.com/factbook/factbook.json/blob/b8538d78e87c1572f19740e49b6ad62c21e11c7f/africa/wa.json,https://api.worldbank.org/v2/country/all/indicator/SP.DYN.TFRT.IN?date=2024&format=json&source=2&per_page=1000
NER,Niger,Niger,Africa,False,2024,5.935,active,2024,2023,https://github.com/factbook/factbook.json/blob/b8538d78e87c1572f19740e49b6ad62c21e11c7f/africa/ng.json,https://api.worldbank.org/v2/country/all/indicator/SP.DYN.TFRT.IN?date=2024&format=json&source=2&per_page=1000
NGA,Nigeria,Nigeria,Africa,False,2024,4.382,inactive,2024,2023,https://github.com/factbook/factbook.json/blob/b8538d78e87c1572f19740e49b6ad62c21e11c7f/africa/ni.json,https://api.worldbank.org/v2/country/all/indicator/SP.DYN.TFRT.IN?date=2024&format=json&source=2&per_page=1000
NIC,Nikaragua,Nicaragua,Americas,False,2024,2.206,inactive,2024,2024,https://github.com/factbook/factbook.json/blob/b8538d78e87c1572f19740e49b6ad62c21e11c7f/central-america-n-caribbean/nu.json,https://api.worldbank.org/v2/country/all/indicator/SP.DYN.TFRT.IN?date=2024&format=json&source=2&per_page=1000
NLD,Holandia,Netherlands,Europe,True,2024,1.43,inactive,2024,2024,https://www.europarl.europa.eu/thinktank/en/academic/EPRS_BRI%282025%29769541,https://api.worldbank.org/v2/country/all/indicator/SP.DYN.TFRT.IN?date=2024&format=json&source=2&per_page=1000
NOR,Norwegia,Norway,Europe,False,2024,1.45,active,2024,2024,https://github.com/factbook/factbook.json/blob/b8538d78e87c1572f19740e49b6ad62c21e11c7f/europe/no.json,https://api.worldbank.org/v2/country/all/indicator/SP.DYN.TFRT.IN?date=2024&format=json&source=2&per_page=1000
NPL,Nepal,Nepal,Asia,False,2024,1.961,inactive,2024,2023,https://github.com/factbook/factbook.json/blob/b8538d78e87c1572f19740e49b6ad62c21e11c7f/south-asia/np.json,https://api.worldbank.org/v2/country/all/indicator/SP.DYN.TFRT.IN?date=2024&format=json&source=2&per_page=1000
NRU,Nauru,Nauru,Oceania,False,2024,3.29,inactive,2024,2024,https://github.com/factbook/factbook.json/blob/b8538d78e87c1572f19740e49b6ad62c21e11c7f/australia-oceania/nr.json,https://api.worldbank.org/v2/country/all/indicator/SP.DYN.TFRT.IN?date=2024&format=json&source=2&per_page=1000
NZL,Nowa Zelandia,New Zealand,Oceania,False,2024,1.57,inactive,2024,2024,https://github.com/factbook/factbook.json/blob/b8538d78e87c1572f19740e49b6ad62c21e11c7f/australia-oceania/nz.json,https://api.worldbank.org/v2/country/all/indicator/SP.DYN.TFRT.IN?date=2024&format=json&source=2&per_page=1000
OMN,Oman,Oman,Asia,False,2024,2.508,inactive,2024,2023,https://github.com/factbook/factbook.json/blob/b8538d78e87c1572f19740e49b6ad62c21e11c7f/middle-east/mu.json,https://api.worldbank.org/v2/country/all/indicator/SP.DYN.TFRT.IN?date=2024&format=json&source=2&per_page=1000
PAK,Pakistan,Pakistan,Asia,False,2024,3.547,inactive,2024,2023,https://github.com/factbook/factbook.json/blob/b8538d78e87c1572f19740e49b6ad62c21e11c7f/south-asia/pk.json,https://api.worldbank.org/v2/country/all/indicator/SP.DYN.TFRT.IN?date=2024&format=json&source=2&per_page=1000
PAN,Panama,Panama,Americas,False,2024,2.106,inactive,2024,2024,https://github.com/factbook/factbook.json/blob/b8538d78e87c1572f19740e49b6ad62c21e11c7f/central-america-n-caribbean/pm.json,https://api.worldbank.org/v2/country/all/indicator/SP.DYN.TFRT.IN?date=2024&format=json&source=2&per_page=1000
PER,Peru,Peru,Americas,False,2024,1.965,inactive,2024,2023,https://github.com/factbook/factbook.json/blob/b8538d78e87c1572f19740e49b6ad62c21e11c7f/south-america/pe.json,https://api.worldbank.org/v2/country/all/indicator/SP.DYN.TFRT.IN?date=2024&format=json&source=2&per_page=1000
PHL,Filipiny,Philippines,Asia,False,2024,1.894,inactive,2024,2023,https://github.com/factbook/factbook.json/blob/b8538d78e87c1572f19740e49b6ad62c21e11c7f/east-n-southeast-asia/rp.json,https://api.worldbank.org/v2/country/all/indicator/SP.DYN.TFRT.IN?date=2024&format=json&source=2&per_page=1000
PLW,Palau,Palau,Oceania,False,2024,1.883,inactive,2024,2024,https://github.com/factbook/factbook.json/blob/b8538d78e87c1572f19740e49b6ad62c21e11c7f/australia-oceania/ps.json,https://api.worldbank.org/v2/country/all/indicator/SP.DYN.TFRT.IN?date=2024&format=json&source=2&per_page=1000
PNG,Papua-Nowa Gwinea,Papua New Guinea,Oceania,False,2024,3.072,inactive,2024,2024,https://github.com/factbook/factbook.json/blob/b8538d78e87c1572f19740e49b6ad62c21e11c7f/east-n-southeast-asia/pp.json,https://api.worldbank.org/v2/country/all/indicator/SP.DYN.TFRT.IN?date=2024&format=json&source=2&per_page=1000
POL,Polska,Poland,Europe,True,2024,1.14,inactive,2024,2024,https://www.europarl.europa.eu/thinktank/en/academic/EPRS_BRI%282025%29769541,https://api.worldbank.org/v2/country/all/indicator/SP.DYN.TFRT.IN?date=2024&format=json&source=2&per_page=1000
PRK,Korea Północna,North Korea,Asia,False,2024,1.784,active,2024,2024,https://github.com/factbook/factbook.json/blob/b8538d78e87c1572f19740e49b6ad62c21e11c7f/east-n-southeast-asia/kn.json,https://api.worldbank.org/v2/country/all/indicator/SP.DYN.TFRT.IN?date=2024&format=json&source=2&per_page=1000
PRT,Portugalia,Portugal,Europe,True,2024,1.41,inactive,2024,2024,https://www.europarl.europa.eu/thinktank/en/academic/EPRS_BRI%282025%29769541,https://api.worldbank.org/v2/country/all/indicator/SP.DYN.TFRT.IN?date=2024&format=json&source=2&per_page=1000
PRY,Paragwaj,Paraguay,Americas,False,2024,2.416,active,2024,2024,https://github.com/factbook/factbook.json/blob/b8538d78e87c1572f19740e49b6ad62c21e11c7f/south-america/pa.json,https://api.worldbank.org/v2/country/all/indicator/SP.DYN.TFRT.IN?date=2024&format=json&source=2&per_page=1000
QAT,Katar,Qatar,Asia,False,2024,1.717,active,2024,2023,https://github.com/factbook/factbook.json/blob/b8538d78e87c1572f19740e49b6ad62c21e11c7f/middle-east/qa.json,https://api.worldbank.org/v2/country/all/indicator/SP.DYN.TFRT.IN?date=2024&format=json&source=2&per_page=1000
ROU,Rumunia,Romania,Europe,True,2024,1.39,inactive,2024,2024,https://www.europarl.europa.eu/thinktank/en/academic/EPRS_BRI%282025%29769541,https://api.worldbank.org/v2/country/all/indicator/SP.DYN.TFRT.IN?date=2024&format=json&source=2&per_page=1000
RUS,Rosja,Russia,Europe,False,2024,1.418,active,2024,2023,https://github.com/factbook/factbook.json/blob/b8538d78e87c1572f19740e49b6ad62c21e11c7f/central-asia/rs.json,https://api.worldbank.org/v2/country/all/indicator/SP.DYN.TFRT.IN?date=2024&format=json&source=2&per_page=1000
RWA,Rwanda,Rwanda,Africa,False,2024,3.645,inactive,2024,2024,https://github.com/factbook/factbook.json/blob/b8538d78e87c1572f19740e49b6ad62c21e11c7f/africa/rw.json,https://api.worldbank.org/v2/country/all/indicator/SP.DYN.TFRT.IN?date=2024&format=json&source=2&per_page=1000
SAU,Arabia Saudyjska,Saudi Arabia,Asia,False,2024,2.308,inactive,2024,2023,https://github.com/factbook/factbook.json/blob/b8538d78e87c1572f19740e49b6ad62c21e11c7f/middle-east/sa.json,https://api.worldbank.org/v2/country/all/indicator/SP.DYN.TFRT.IN?date=2024&format=json&source=2&per_page=1000
SEN,Senegal,Senegal,Africa,False,2024,3.765,inactive,2024,2024,https://github.com/factbook/factbook.json/blob/b8538d78e87c1572f19740e49b6ad62c21e11c7f/africa/sg.json,https://api.worldbank.org/v2/country/all/indicator/SP.DYN.TFRT.IN?date=2024&format=json&source=2&per_page=1000
SGP,Singapur,Singapore,Asia,False,2024,0.97,active,2024,2023,https://github.com/factbook/factbook.json/blob/b8538d78e87c1572f19740e49b6ad62c21e11c7f/east-n-southeast-asia/sn.json,https://api.worldbank.org/v2/country/all/indicator/SP.DYN.TFRT.IN?date=2024&format=json&source=2&per_page=1000
SLB,Wyspy Salomona,Solomon Islands,Oceania,False,2024,3.513,inactive,2024,2024,https://github.com/factbook/factbook.json/blob/b8538d78e87c1572f19740e49b6ad62c21e11c7f/australia-oceania/bp.json,https://api.worldbank.org/v2/country/all/indicator/SP.DYN.TFRT.IN?date=2024&format=json&source=2&per_page=1000
SLE,Sierra Leone,Sierra Leone,Africa,False,2024,3.703,inactive,2024,2023,https://github.com/factbook/factbook.json/blob/b8538d78e87c1572f19740e49b6ad62c21e11c7f/africa/sl.json,https://api.worldbank.org/v2/country/all/indicator/SP.DYN.TFRT.IN?date=2024&format=json&source=2&per_page=1000
SLV,Salwador,El Salvador,Americas,False,2024,1.768,active,2024,2023,https://github.com/factbook/factbook.json/blob/b8538d78e87c1572f19740e49b6ad62c21e11c7f/central-america-n-caribbean/es.json,https://api.worldbank.org/v2/country/all/indicator/SP.DYN.TFRT.IN?date=2024&format=json&source=2&per_page=1000
SMR,San Marino,San Marino,Europe,False,2024,1.158,inactive,2024,2024,https://github.com/factbook/factbook.json/blob/b8538d78e87c1572f19740e49b6ad62c21e11c7f/europe/sm.json,https://api.worldbank.org/v2/country/all/indicator/SP.DYN.TFRT.IN?date=2024&format=json&source=2&per_page=1000
SOM,Somalia,Somalia,Africa,False,2024,6.013,inactive,2024,2023,https://github.com/factbook/factbook.json/blob/b8538d78e87c1572f19740e49b6ad62c21e11c7f/africa/so.json,https://api.worldbank.org/v2/country/all/indicator/SP.DYN.TFRT.IN?date=2024&format=json&source=2&per_page=1000
SRB,Serbia,Serbia,Europe,False,2024,1.64,inactive,2024,2024,https://github.com/factbook/factbook.json/blob/b8538d78e87c1572f19740e49b6ad62c21e11c7f/europe/ri.json,https://api.worldbank.org/v2/country/all/indicator/SP.DYN.TFRT.IN?date=2024&format=json&source=2&per_page=1000
STP,Wyspy Świętego Tomasza i Książęca,São Tomé & Príncipe,Africa,False,2024,3.596,inactive,2024,2023,https://github.com/factbook/factbook.json/blob/b8538d78e87c1572f19740e49b6ad62c21e11c7f/africa/tp.json,https://api.worldbank.org/v2/country/all/indicator/SP.DYN.TFRT.IN?date=2024&format=json&source=2&per_page=1000
SUR,Surinam,Suriname,Americas,False,2024,2.231,inactive,2024,2024,https://github.com/factbook/factbook.json/blob/b8538d78e87c1572f19740e49b6ad62c21e11c7f/south-america/ns.json,https://api.worldbank.org/v2/country/all/indicator/SP.DYN.TFRT.IN?date=2024&format=json&source=2&per_page=1000
SVK,Słowacja,Slovak Republic,Europe,True,2024,1.46,inactive,2024,2024,https://www.europarl.europa.eu/thinktank/en/academic/EPRS_BRI%282025%29769541,https://api.worldbank.org/v2/country/all/indicator/SP.DYN.TFRT.IN?date=2024&format=json&source=2&per_page=1000
SVN,Słowenia,Slovenia,Europe,True,2024,1.52,inactive,2024,2024,https://www.europarl.europa.eu/thinktank/en/academic/EPRS_BRI%282025%29769541,https://api.worldbank.org/v2/country/all/indicator/SP.DYN.TFRT.IN?date=2024&format=json&source=2&per_page=1000
SWE,Szwecja,Sweden,Europe,True,2024,1.43,active,2024,2024,https://www.europarl.europa.eu/thinktank/en/academic/EPRS_BRI%282025%29769541,https://api.worldbank.org/v2/country/all/indicator/SP.DYN.TFRT.IN?date=2024&format=json&source=2&per_page=1000
SWZ,Eswatini,Eswatini,Africa,False,2024,2.718,inactive,2024,2023,https://github.com/factbook/factbook.json/blob/b8538d78e87c1572f19740e49b6ad62c21e11c7f/africa/wz.json,https://api.worldbank.org/v2/country/all/indicator/SP.DYN.TFRT.IN?date=2024&format=json&source=2&per_page=1000
SYC,Seszele,Seychelles,Africa,False,2024,1.85,inactive,2024,2023,https://github.com/factbook/factbook.json/blob/b8538d78e87c1572f19740e49b6ad62c21e11c7f/africa/se.json,https://api.worldbank.org/v2/country/all/indicator/SP.DYN.TFRT.IN?date=2024&format=json&source=2&per_page=1000
TCD,Czad,Chad,Africa,False,2024,6.028,active,2024,2023,https://github.com/factbook/factbook.json/blob/b8538d78e87c1572f19740e49b6ad62c21e11c7f/africa/cd.json,https://api.worldbank.org/v2/country/all/indicator/SP.DYN.TFRT.IN?date=2024&format=json&source=2&per_page=1000
TGO,Togo,Togo,Africa,False,2024,4.121673,inactive,2024,2023,https://github.com/factbook/factbook.json/blob/b8538d78e87c1572f19740e49b6ad62c21e11c7f/africa/to.json,https://api.worldbank.org/v2/country/all/indicator/SP.DYN.TFRT.IN?date=2024&format=json&source=2&per_page=1000
THA,Tajlandia,Thailand,Asia,False,2024,1.204,active,2024,2023,https://github.com/factbook/factbook.json/blob/b8538d78e87c1572f19740e49b6ad62c21e11c7f/east-n-southeast-asia/th.json,https://api.worldbank.org/v2/country/all/indicator/SP.DYN.TFRT.IN?date=2024&format=json&source=2&per_page=1000
TJK,Tadżykistan,Tajikistan,Asia,False,2024,3.036,active,2024,2023,https://github.com/factbook/factbook.json/blob/b8538d78e87c1572f19740e49b6ad62c21e11c7f/central-asia/ti.json,https://api.worldbank.org/v2/country/all/indicator/SP.DYN.TFRT.IN?date=2024&format=json&source=2&per_page=1000
TKM,Turkmenistan,Turkmenistan,Asia,False,2024,2.661,active,2024,2023,https://github.com/factbook/factbook.json/blob/b8538d78e87c1572f19740e49b6ad62c21e11c7f/central-asia/tx.json,https://api.worldbank.org/v2/country/all/indicator/SP.DYN.TFRT.IN?date=2024&format=json&source=2&per_page=1000
TON,Tonga,Tonga,Oceania,False,2024,3.1,inactive,2024,2023,https://github.com/factbook/factbook.json/blob/b8538d78e87c1572f19740e49b6ad62c21e11c7f/australia-oceania/tn.json,https://api.worldbank.org/v2/country/all/indicator/SP.DYN.TFRT.IN?date=2024&format=json&source=2&per_page=1000
TTO,Trynidad i Tobago,Trinidad & Tobago,Americas,False,2024,1.536,inactive,2024,2024,https://github.com/factbook/factbook.json/blob/b8538d78e87c1572f19740e49b6ad62c21e11c7f/central-america-n-caribbean/td.json,https://api.worldbank.org/v2/country/all/indicator/SP.DYN.TFRT.IN?date=2024&format=json&source=2&per_page=1000
TUN,Tunezja,Tunisia,Africa,False,2024,1.818,active,2024,2023,https://github.com/factbook/factbook.json/blob/b8538d78e87c1572f19740e49b6ad62c21e11c7f/africa/ts.json,https://api.worldbank.org/v2/country/all/indicator/SP.DYN.TFRT.IN?date=2024&format=json&source=2&per_page=1000
TUR,Turcja,Türkiye,Asia,False,2024,1.48,active,2024,2023,https://github.com/factbook/factbook.json/blob/b8538d78e87c1572f19740e49b6ad62c21e11c7f/middle-east/tu.json,https://api.worldbank.org/v2/country/all/indicator/SP.DYN.TFRT.IN?date=2024&format=json&source=2&per_page=1000
TUV,Tuvalu,Tuvalu,Oceania,False,2024,3.174,inactive,2024,2024,https://github.com/factbook/factbook.json/blob/b8538d78e87c1572f19740e49b6ad62c21e11c7f/australia-oceania/tv.json,https://api.worldbank.org/v2/country/all/indicator/SP.DYN.TFRT.IN?date=2024&format=json&source=2&per_page=1000
UGA,Uganda,Uganda,Africa,False,2024,4.165,inactive,2024,2024,https://github.com/factbook/factbook.json/blob/b8538d78e87c1572f19740e49b6ad62c21e11c7f/africa/ug.json,https://api.worldbank.org/v2/country/all/indicator/SP.DYN.TFRT.IN?date=2024&format=json&source=2&per_page=1000
URY,Urugwaj,Uruguay,Americas,False,2024,1.397,inactive,2024,2024,https://github.com/factbook/factbook.json/blob/b8538d78e87c1572f19740e49b6ad62c21e11c7f/south-america/uy.json,https://api.worldbank.org/v2/country/all/indicator/SP.DYN.TFRT.IN?date=2024&format=json&source=2&per_page=1000
USA,Stany Zjednoczone,United States,Americas,False,2024,1.6265,inactive,2024,2024,https://github.com/factbook/factbook.json/blob/b8538d78e87c1572f19740e49b6ad62c21e11c7f/north-america/us.json,https://api.worldbank.org/v2/country/all/indicator/SP.DYN.TFRT.IN?date=2024&format=json&source=2&per_page=1000
UZB,Uzbekistan,Uzbekistan,Asia,False,2024,3.486,active,2024,2023,https://github.com/factbook/factbook.json/blob/b8538d78e87c1572f19740e49b6ad62c21e11c7f/central-asia/uz.json,https://api.worldbank.org/v2/country/all/indicator/SP.DYN.TFRT.IN?date=2024&format=json&source=2&per_page=1000
VCT,Saint Vincent i Grenadyny,St. Vincent & Grenadines,Americas,False,2024,1.761,inactive,2024,2024,https://github.com/factbook/factbook.json/blob/b8538d78e87c1572f19740e49b6ad62c21e11c7f/central-america-n-caribbean/vc.json,https://api.worldbank.org/v2/country/all/indicator/SP.DYN.TFRT.IN?date=2024&format=json&source=2&per_page=1000
VNM,Wietnam,Vietnam,Asia,False,2024,1.895,active,2024,2023,https://github.com/factbook/factbook.json/blob/b8538d78e87c1572f19740e49b6ad62c21e11c7f/east-n-southeast-asia/vm.json,https://api.worldbank.org/v2/country/all/indicator/SP.DYN.TFRT.IN?date=2024&format=json&source=2&per_page=1000
VUT,Vanuatu,Vanuatu,Oceania,False,2024,3.569,inactive,2024,2024,https://github.com/factbook/factbook.json/blob/b8538d78e87c1572f19740e49b6ad62c21e11c7f/australia-oceania/nh.json,https://api.worldbank.org/v2/country/all/indicator/SP.DYN.TFRT.IN?date=2024&format=json&source=2&per_page=1000
WSM,Samoa,Samoa,Oceania,False,2024,3.801,inactive,2024,2024,https://github.com/factbook/factbook.json/blob/b8538d78e87c1572f19740e49b6ad62c21e11c7f/australia-oceania/ws.json,https://api.worldbank.org/v2/country/all/indicator/SP.DYN.TFRT.IN?date=2024&format=json&source=2&per_page=1000
ZAF,Republika Południowej Afryki,South Africa,Africa,False,2024,2.205,inactive,2024,2023,https://github.com/factbook/factbook.json/blob/b8538d78e87c1572f19740e49b6ad62c21e11c7f/africa/sf.json,https://api.worldbank.org/v2/country/all/indicator/SP.DYN.TFRT.IN?date=2024&format=json&source=2&per_page=1000
ZMB,Zambia,Zambia,Africa,False,2024,4.036,inactive,2024,2023,https://github.com/factbook/factbook.json/blob/b8538d78e87c1572f19740e49b6ad62c21e11c7f/africa/za.json,https://api.worldbank.org/v2/country/all/indicator/SP.DYN.TFRT.IN?date=2024&format=json&source=2&per_page=1000
ZWE,Zimbabwe,Zimbabwe,Africa,False,2024,3.674,inactive,2024,2023,https://github.com/factbook/factbook.json/blob/b8538d78e87c1572f19740e49b6ad62c21e11c7f/africa/zi.json,https://api.worldbank.org/v2/country/all/indicator/SP.DYN.TFRT.IN?date=2024&format=json&source=2&per_page=1000
