iso3,country_pl,country_en,year,births_per_woman,peacetime_conscription,status_year,fertility_source,status_source
AUT,Austria,Austria,2024,1.31,active,2024,https://api.worldbank.org/v2/country/all/indicator/SP.DYN.TFRT.IN?date=2024&format=json&source=2&per_page=1000,https://www.europarl.europa.eu/thinktank/en/academic/EPRS_BRI%282025%29769541
BEL,Belgia,Belgium,2024,1.44,inactive,2024,https://api.worldbank.org/v2/country/all/indicator/SP.DYN.TFRT.IN?date=2024&format=json&source=2&per_page=1000,https://www.europarl.europa.eu/thinktank/en/academic/EPRS_BRI%282025%29769541
BGR,Bułgaria,Bulgaria,2024,1.72,inactive,2024,https://api.worldbank.org/v2/country/all/indicator/SP.DYN.TFRT.IN?date=2024&format=json&source=2&per_page=1000,https://www.europarl.europa.eu/thinktank/en/academic/EPRS_BRI%282025%29769541
HRV,Chorwacja,Croatia,2024,1.46,inactive,2024,https://api.worldbank.org/v2/country/all/indicator/SP.DYN.TFRT.IN?date=2024&format=json&source=2&per_page=1000,https://www.europarl.europa.eu/thinktank/en/academic/EPRS_BRI%282025%29769541
CYP,Cypr,Cyprus,2024,1.38,active,2024,https://api.worldbank.org/v2/country/all/indicator/SP.DYN.TFRT.IN?date=2024&format=json&source=2&per_page=1000,https://www.europarl.europa.eu/thinktank/en/academic/EPRS_BRI%282025%29769541
CZE,Czechy,Czechia,2024,1.36,inactive,2024,https://api.worldbank.org/v2/country/all/indicator/SP.DYN.TFRT.IN?date=2024&format=json&source=2&per_page=1000,https://www.europarl.europa.eu/thinktank/en/academic/EPRS_BRI%282025%29769541
DNK,Dania,Denmark,2024,1.47,active,2024,https://api.worldbank.org/v2/country/all/indicator/SP.DYN.TFRT.IN?date=2024&format=json&source=2&per_page=1000,https://www.europarl.europa.eu/thinktank/en/academic/EPRS_BRI%282025%29769541
EST,Estonia,Estonia,2024,1.18,active,2024,https://api.worldbank.org/v2/country/all/indicator/SP.DYN.TFRT.IN?date=2024&format=json&source=2&per_page=1000,https://www.europarl.europa.eu/thinktank/en/academic/EPRS_BRI%282025%29769541
FIN,Finlandia,Finland,2024,1.25,active,2024,https://api.worldbank.org/v2/country/all/indicator/SP.DYN.TFRT.IN?date=2024&format=json&source=2&per_page=1000,https://www.europarl.europa.eu/thinktank/en/academic/EPRS_BRI%282025%29769541
FRA,Francja,France,2024,1.61,inactive,2024,https://api.worldbank.org/v2/country/all/indicator/SP.DYN.TFRT.IN?date=2024&format=json&source=2&per_page=1000,https://www.europarl.europa.eu/thinktank/en/academic/EPRS_BRI%282025%29769541
DEU,Niemcy,Germany,2024,1.36,inactive,2024,https://api.worldbank.org/v2/country/all/indicator/SP.DYN.TFRT.IN?date=2024&format=json&source=2&per_page=1000,https://www.europarl.europa.eu/thinktank/en/academic/EPRS_BRI%282025%29769541
GRC,Grecja,Greece,2024,1.24,active,2024,https://api.worldbank.org/v2/country/all/indicator/SP.DYN.TFRT.IN?date=2024&format=json&source=2&per_page=1000,https://www.europarl.europa.eu/thinktank/en/academic/EPRS_BRI%282025%29769541
HUN,Węgry,Hungary,2024,1.41,inactive,2024,https://api.worldbank.org/v2/country/all/indicator/SP.DYN.TFRT.IN?date=2024&format=json&source=2&per_page=1000,https://www.europarl.europa.eu/thinktank/en/academic/EPRS_BRI%282025%29769541
IRL,Irlandia,Ireland,2024,1.47,inactive,2024,https://api.worldbank.org/v2/country/all/indicator/SP.DYN.TFRT.IN?date=2024&format=json&source=2&per_page=1000,https://www.europarl.europa.eu/thinktank/en/academic/EPRS_BRI%282025%29769541
ITA,Włochy,Italy,2024,1.18,inactive,2024,https://api.worldbank.org/v2/country/all/indicator/SP.DYN.TFRT.IN?date=2024&format=json&source=2&per_page=1000,https://www.europarl.europa.eu/thinktank/en/academic/EPRS_BRI%282025%29769541
LVA,Łotwa,Latvia,2024,1.24,active,2024,https://api.worldbank.org/v2/country/all/indicator/SP.DYN.TFRT.IN?date=2024&format=json&source=2&per_page=1000,https://www.europarl.europa.eu/thinktank/en/academic/EPRS_BRI%282025%29769541
LTU,Litwa,Lithuania,2024,1.11,active,2024,https://api.worldbank.org/v2/country/all/indicator/SP.DYN.TFRT.IN?date=2024&format=json&source=2&per_page=1000,https://www.europarl.europa.eu/thinktank/en/academic/EPRS_BRI%282025%29769541
LUX,Luksemburg,Luxembourg,2024,1.25,inactive,2024,https://api.worldbank.org/v2/country/all/indicator/SP.DYN.TFRT.IN?date=2024&format=json&source=2&per_page=1000,https://www.europarl.europa.eu/thinktank/en/academic/EPRS_BRI%282025%29769541
MLT,Malta,Malta,2024,1.01,inactive,2024,https://api.worldbank.org/v2/country/all/indicator/SP.DYN.TFRT.IN?date=2024&format=json&source=2&per_page=1000,https://www.europarl.europa.eu/thinktank/en/academic/EPRS_BRI%282025%29769541
NLD,Holandia,Netherlands,2024,1.43,inactive,2024,https://api.worldbank.org/v2/country/all/indicator/SP.DYN.TFRT.IN?date=2024&format=json&source=2&per_page=1000,https://www.europarl.europa.eu/thinktank/en/academic/EPRS_BRI%282025%29769541
POL,Polska,Poland,2024,1.14,inactive,2024,https://api.worldbank.org/v2/country/all/indicator/SP.DYN.TFRT.IN?date=2024&format=json&source=2&per_page=1000,https://www.europarl.europa.eu/thinktank/en/academic/EPRS_BRI%282025%29769541
PRT,Portugalia,Portugal,2024,1.41,inactive,2024,https://api.worldbank.org/v2/country/all/indicator/SP.DYN.TFRT.IN?date=2024&format=json&source=2&per_page=1000,https://www.europarl.europa.eu/thinktank/en/academic/EPRS_BRI%282025%29769541
ROU,Rumunia,Romania,2024,1.39,inactive,2024,https://api.worldbank.org/v2/country/all/indicator/SP.DYN.TFRT.IN?date=2024&format=json&source=2&per_page=1000,https://www.europarl.europa.eu/thinktank/en/academic/EPRS_BRI%282025%29769541
SVK,Słowacja,Slovak Republic,2024,1.46,inactive,2024,https://api.worldbank.org/v2/country/all/indicator/SP.DYN.TFRT.IN?date=2024&format=json&source=2&per_page=1000,https://www.europarl.europa.eu/thinktank/en/academic/EPRS_BRI%282025%29769541
SVN,Słowenia,Slovenia,2024,1.52,inactive,2024,https://api.worldbank.org/v2/country/all/indicator/SP.DYN.TFRT.IN?date=2024&format=json&source=2&per_page=1000,https://www.europarl.europa.eu/thinktank/en/academic/EPRS_BRI%282025%29769541
ESP,Hiszpania,Spain,2024,1.1,inactive,2024,https://api.worldbank.org/v2/country/all/indicator/SP.DYN.TFRT.IN?date=2024&format=json&source=2&per_page=1000,https://www.europarl.europa.eu/thinktank/en/academic/EPRS_BRI%282025%29769541
SWE,Szwecja,Sweden,2024,1.43,active,2024,https://api.worldbank.org/v2/country/all/indicator/SP.DYN.TFRT.IN?date=2024&format=json&source=2&per_page=1000,https://www.europarl.europa.eu/thinktank/en/academic/EPRS_BRI%282025%29769541
